train/loss_step,epoch,step,val/loss,train/loss_epoch
0.7182645797729492,0,49,,
,0,61,0.6750974059104919,
,0,61,,0.6987472176551819
0.627147912979126,1,99,,
