train/loss_step,epoch,step,val/loss,train/loss_epoch
0.7456167936325073,0,49,,
,0,61,0.6401020288467407,
,0,61,,0.6470718383789062
